id,title,author,publisher,year,language,age_restriction,genre,pages,has_illustrations
1,Мастер и Маргарита,Михаил Булгаков,АСТ,2020,русский,16,классика,480,1
2,1984,Джордж Оруэлл,Эксмо,2019,русский,18,антиутопия,320,0
3,Гарри Поттер и философский камень,Джоан Роулинг,Махаон,2018,русский,12,фэнтези,400,1
4,Преступление и наказание,Федор Достоевский,Азбука,2021,русский,16,классика,608,0
5,Маленький принц,Антуан де Сент-Экзюпери,Эксмо,2020,русский,6,сказка,96,1
6,Три товарища,Эрих Мария Ремарк,АСТ,2019,русский,16,роман,384,0
7,Война и мир,Лев Толстой,Эксмо,2017,русский,12,классика,1504,0
8,Шерлок Холмс,Артур Конан Дойл,Азбука,2022,русский,12,детектив,704,0
9,Алиса в Стране чудес,Льюис Кэрролл,Росмэн,2021,русский,6,сказка,144,1
10,Унесенные ветром,Маргарет Митчелл,Эксмо,2018,русский,16,роман,1024,0
11,Автостопом по галактике,Дуглас Адамс,АСТ,2019,русский,12,фантастика,320,0
12,Тень горы,Грегори Дэвид Робертс,Азбука,2020,русский,18,приключения,864,0
13,Игра престолов,Джордж Мартин,АСТ,2021,русский,18,фэнтези,768,0
14,Портрет Дориана Грея,Оскар Уайльд,Эксмо,2019,русский,16,классика,288,0
15,Дюна,Фрэнк Герберт,АСТ,2020,русский,16,фантастика,704,0
16,Атлант расправил плечи,Айн Рэнд,Альпина Паблишер,2019,русский,16,роман,1360,0
17,Цветы для Элджернона,Дэниел Киз,Эксмо,2020,русский,16,фантастика,320,0
18,Понедельник начинается в субботу,Аркадий и Борис Стругацкие,АСТ,2018,русский,12,фантастика,320,0
19,Триумфальная арка,Эрих Мария Ремарк,АСТ,2021,русский,16,роман,480,0
20,Мартин Иден,Джек Лондон,Эксмо,2019,русский,12,роман,416,0
21,Фауст,Иоганн Вольфганг Гёте,Азбука,2020,русский,16,классика,480,0
22,О дивный новый мир,Олдос Хаксли,Эксмо,2018,русский,16,антиутопия,320,0
23,Скотный двор,Джордж Оруэлл,АСТ,2019,русский,12,сатира,144,0
24,Анна Каренина,Лев Толстой,Эксмо,2020,русский,12,классика,864,0
25,Властелин колец,Джон Рональд Руэл Толкин,АСТ,2021,русский,12,фэнтези,1216,0
26,Убить пересмешника,Харпер Ли,Азбука,2019,русский,12,роман,416,0
27,Над пропастью во ржи,Джером Дэвид Сэлинджер,Эксмо,2018,русский,16,роман,288,0
28,Тёмные начала,Филип Пулман,АСТ,2020,русский,12,фэнтези,448,1
29,Код да Винчи,Дэн Браун,Азбука,2021,русский,16,детектив,544,0
30,451 градус по Фаренгейту,Рэй Брэдбери,Эксмо,2019,русский,12,антиутопия,256,0